Source,Target,Amount,LND,CLN,LDK,Eclair_case1,Eclair_case2,Eclair_case3
4105,7900,64,"[4105, 3741, 7900], 0.07573058560000001, Success","[4105, 3741, 7900], 0.07573058560000001, Success","[4105, 3741, 7900], 0.07573058560000001, Success","[4105, 3741, 7900], 0.07573058560000001, Success","[4105, 3741, 7900], 0.07573058560000001, Success","[4105, 1188, 10428, 3267, 2370, 7900], 0.062928, Success"
847,1532,65,"[847, 976, 1532], 1.0001310000649999, Success","[847, 976, 1532], 1.0001310000649999, Success","[847, 976, 1532], 1.0001310000649999, Success","[847, 976, 1532], 1.0001310000649999, Success","[847, 976, 1532], 1.0001310000649999, Success","[847, 976, 11658, 7940, 1776, 2397, 1532], 0.00032500065000064997, Success"
11607,11526,44,"[11607, 13086, 8574, 7940, 11526], 1.0167200828081158, Success","[11607, 13086, 8574, 7940, 11526], 1.0167200828081158, Success","[11607, 13086, 10727, 7940, 11526], 2.067067088999978, Success","[11607, 13086, 8574, 7940, 11526], 1.0167200828081158, Success","[11607, 13086, 8574, 7940, 11526], 1.0167200828081158, Success","[11607, 13086, 1174, 11628, 10428, 7940, 11526], 1.000220000308, Success"
12081,1103,53,"[12081, 12799, 10230, 1103], 0.0, Success","[12081, 12799, 10230, 1103], 0.0, Success","[12081, 12799, 10230, 1103], 0.0, Success","[12081, 12799, 10230, 1103], 0.0, Success","[12081, 12799, 10230, 1103], 0.0, Success","[12081, 12799, 10230, 1103], 0.0, Success"
10420,11453,73,"[10420, 8905, 10428, 11251, 11453], 3.0731491460740727, Success","[10420, 8905, 10428, 11251, 11453], 3.0731491460740727, Success","[10420, 8905, 7738, 11251, 11453], 3.0731491460740727, Success","[10420, 8905, 9452, 11251, 11453], 3.0731491460740727, Success","[10420, 8905, 9452, 11251, 11453], 3.0731491460740727, Success","[10420, 8905, 9452, 11251, 11453], 3.0731491460740727, Success"
4819,9101,22,"[4819, 807, 13086, 9101], 2.0005050009220007, Failure","[4819, 807, 13086, 9101], 2.0005050009220007, Failure","[4819, 7271, 10727, 9101], 2.01120810978, Success","[4819, 807, 13086, 9101], 2.0005050009220007, Failure","[4819, 807, 13086, 9101], 2.0005050009220007, Failure","[4819, 3084, 10428, 13086, 9101], 2.00013700011, Success"
12804,3567,75,"[12804, 11609, 7702, 7359, 3567], 3.2312286842266777, Success","[12804, 11609, 7702, 7359, 3567], 3.2312286842266777, Success","[12804, 11609, 7702, 7359, 3567], 3.2312286842266777, Success","[12804, 11609, 7702, 7359, 3567], 3.2312286842266777, Success","[12804, 11609, 7702, 7359, 3567], 3.2312286842266777, Success","[12804, 11609, 12799, 1776, 10428, 3525, 7359, 3567], 2.228227681226678, Success"
7962,873,51,"[7962, 3741, 5743, 10230, 873], 1.0105570714, Success","[7962, 3741, 5743, 10230, 873], 1.0105570714, Success","[7962, 3741, 9876, 10230, 873], 1.0130055781394274, Success","[7962, 3741, 3917, 10230, 873], 1.0105570714, Success","[7962, 3741, 3917, 10230, 873], 1.0105570714, Success","[7962, 3741, 7886, 7940, 3917, 10230, 873], 1.0007140030600041, Success"
316,4538,2,"[316, 2591, 11795, 10727, 4538], 1.010004004000994, Success","[316, 2591, 11795, 10727, 4538], 1.010004004000994, Success","[316, 2591, 9213, 10727, 4538], 1.010374234493486, Success","[316, 2591, 11795, 10727, 4538], 1.010004004000994, Success","[316, 2591, 11795, 10727, 4538], 1.010004004000994, Success","[316, 2591, 4427, 1832, 10727, 4538], 1.0100070140049981, Success"
4144,7243,91,"[4144, 4957, 2397, 7243], 1.030123123032093, Success","[4144, 4957, 2397, 7243], 1.030123123032093, Success","[4144, 4957, 2397, 7243], 1.030123123032093, Success","[4144, 4957, 2397, 7243], 1.030123123032093, Success","[4144, 4957, 2397, 7243], 1.030123123032093, Success","[4144, 4957, 10428, 7920, 2397, 7243], 1.030123123032093, Success"
1124,9192,18,"[1124, 4822, 10428, 13086, 9192], 0.05535405, Success","[1124, 4822, 10428, 13086, 9192], 0.05535405, Success","[1124, 4822, 10428, 13086, 9192], 0.05535405, Success","[1124, 4822, 10428, 13086, 9192], 0.05535405, Success","[1124, 4822, 10428, 13086, 9192], 0.05535405, Success","[1124, 4822, 8924, 7940, 7071, 10428, 13086, 9192], 0.054018054, Success"
1700,4436,46,"[1700, 144, 3969, 10230, 4436], 2.4825334935260113, Success","[1700, 144, 3969, 10230, 4436], 2.4825334935260113, Success","[1700, 144, 3969, 10230, 4436], 2.4825334935260113, Success","[1700, 144, 7940, 3917, 10230, 4436], 1.0804600807820004, Success","[1700, 144, 7940, 3917, 10230, 4436], 1.0804600807820004, Success","[1700, 144, 7940, 3917, 10230, 4436], 1.0804600807820004, Success"
739,1971,56,"[739, 4198, 3369, 3917, 10230, 1971], 2.0021130040560022, Success","[739, 4198, 3369, 3917, 10230, 1971], 2.0021130040560022, Success","[739, 4198, 3369, 3917, 10230, 1971], 2.0021130040560022, Success","[739, 4198, 3369, 3917, 10230, 1971], 2.0021130040560022, Success","[739, 4198, 3369, 3917, 10230, 1971], 2.0021130040560022, Success","[739, 4198, 3369, 11543, 7940, 3917, 10230, 1971], 2.0021690041680023, Success"
8708,6404,2,"[8708, 4652, 1031, 6404], 2.212005220002008, Success","[8708, 4652, 1031, 6404], 2.212005220002008, Success","[8708, 4652, 10727, 6404], 2.213005205001992, Success","[8708, 4652, 1031, 6404], 2.212005220002008, Success","[8708, 4652, 1031, 6404], 2.212005220002008, Success","[8708, 11609, 7142, 1031, 6404], 2.009005015002006, Success"
5253,5464,72,"[5253, 8510, 4957, 3895, 5464], 0.44930750903999994, Success","[5253, 8510, 4957, 3895, 5464], 0.44930750903999994, Success","[5253, 8510, 4957, 3895, 5464], 0.44930750903999994, Success","[5253, 8510, 4957, 3895, 5464], 0.44930750903999994, Success","[5253, 8510, 4957, 3895, 5464], 0.44930750903999994, Success","[5253, 8510, 7142, 6908, 3895, 5464], 0.432648, Success"
12537,8808,5,"[12537, 11741, 9715, 10230, 8808], 2.000011000005, Success","[12537, 11741, 9715, 10230, 8808], 2.000011000005, Success","[12537, 11741, 9715, 10230, 8808], 2.000011000005, Success","[12537, 11741, 9715, 10230, 8808], 2.000011000005, Success","[12537, 11741, 9715, 10230, 8808], 2.000011000005, Success","[12537, 11741, 5350, 6908, 10230, 8808], 2.000011000005, Success"
11038,8511,68,"[11038, 11741, 4052, 8511], 2.0476010949960477, Success","[11038, 11741, 4052, 8511], 2.0476010949960477, Success","[11038, 11741, 4052, 8511], 2.0476010949960477, Success","[11038, 11741, 4052, 8511], 2.0476010949960477, Success","[11038, 11741, 4052, 8511], 2.0476010949960477, Success","[11038, 3741, 7886, 7940, 1902, 4052, 8511], 1.053860509657616, Success"
12505,13115,82,"[12505, 12169, 10848, 13115], 1.2485496284673798, Success","[12505, 12169, 10848, 13115], 1.2485496284673798, Success","[12505, 12169, 3497, 13115], 1.249536581454332, Success","[12505, 12169, 10848, 13115], 1.2485496284673798, Success","[12505, 12169, 10848, 13115], 1.2485496284673798, Success","[12505, 12169, 5171, 2480, 10428, 13115], 1.000328000246, Success"
8035,1742,46,"[8035, 4166, 495, 119, 1742], 0.021208242872401282, Success","[8035, 4166, 495, 119, 1742], 0.021208242872401282, Success","[8035, 4166, 10727, 119, 1742], 1.0371059366757265, Success","[8035, 4166, 495, 119, 1742], 0.021208242872401282, Success","[8035, 4166, 495, 119, 1742], 0.021208242872401282, Success","[8035, 4166, 6352, 11658, 7940, 10900, 119, 1742], 0.004830027922059754, Success"
4766,464,29,"[4766, 1031, 3917, 55, 464], 2.000059000029, Success","[4766, 1031, 3917, 55, 464], 2.000059000029, Success","[4766, 1031, 3917, 55, 464], 2.000059000029, Success","[4766, 1031, 3917, 55, 464], 2.000059000029, Success","[4766, 1031, 3917, 55, 464], 2.000059000029, Success","[4766, 1031, 3917, 55, 464], 2.000059000029, Success"
13042,71,14,"[13042, 3741, 12097, 71], 1.004284298270294, Success","[13042, 3741, 12097, 71], 1.004284298270294, Success","[13042, 3741, 6172, 71], 1.0073429129289058, Success","[13042, 3741, 12097, 71], 1.004284298270294, Success","[13042, 3741, 12097, 71], 1.004284298270294, Success","[13042, 3741, 7886, 7940, 71], 1.0001120002520003, Success"
9221,3178,38,"[9221, 3741, 3178], 0.0076, Success","[9221, 3741, 3178], 0.0076, Success","[9221, 3741, 3178], 0.0076, Success","[9221, 3741, 3178], 0.0076, Success","[9221, 3741, 3178], 0.0076, Success","[9221, 3741, 3178], 0.0076, Success"
9579,2148,31,"[9579, 7940, 4957, 2148], 0.00716100713, Success","[9579, 7940, 4957, 2148], 0.00716100713, Success","[9579, 7940, 10665, 2148], 0.008804008773, Success","[9579, 7940, 4957, 2148], 0.00716100713, Success","[9579, 7940, 4957, 2148], 0.00716100713, Success","[9579, 7940, 7071, 10428, 4957, 2148], 0.00716100713, Success"
5277,12262,86,"[5277, 2176, 1209, 11151, 10848, 2397, 12262], 1.0152227912991472, Success","[5277, 2176, 1209, 11151, 10848, 2397, 12262], 1.0152227912991472, Success","[5277, 2176, 3637, 8852, 182, 2397, 12262], 2.0099450369160525, Success","[5277, 2176, 1209, 11151, 10848, 2397, 12262], 1.0152227912991472, Success","[5277, 2176, 1209, 11151, 10848, 2397, 12262], 1.0152227912991472, Success","[5277, 2176, 1209, 11151, 7142, 7940, 1776, 2397, 12262], 1.0127284246691985, Success"
7814,6231,58,"[7814, 11609, 7142, 7940, 6231], 0.174058174, Success","[7814, 11609, 7142, 7940, 6231], 0.174058174, Success","[7814, 11609, 3682, 3741, 6231], 0.1941299026808, Success","[7814, 11609, 7142, 7940, 6231], 0.174058174, Success","[7814, 11609, 7142, 7940, 6231], 0.174058174, Success","[7814, 11609, 7142, 7940, 6231], 0.174058174, Success"
1561,2990,14,"[1561, 11318, 12799, 10230, 2990], 0.00275, Success","[1561, 8174, 3917, 10230, 2990], 0.0028620140000000004, Success","[1561, 9991, 9876, 10230, 2990], 0.0048223262084, Success","[1561, 11318, 12799, 10230, 2990], 0.00275, Success","[1561, 11318, 12799, 10230, 2990], 0.00275, Success","[1561, 11318, 12799, 10230, 2990], 0.00275, Success"
12988,10226,6,"[12988, 2397, 3917, 12091, 10226], 1.000012000006, Failure","[12988, 2397, 3917, 12091, 10226], 1.000012000006, Failure","[12988, 2397, 3917, 12091, 10226], 1.000012000006, Failure","[12988, 2397, 3917, 12091, 10226], 1.000012000006, Failure","[12988, 2397, 3917, 12091, 10226], 1.000012000006, Failure","[12988, 2397, 3917, 12091, 10226], 1.000012000006, Failure"
4384,12893,7,"[4384, 3741, 12893], 1.0014070014, Success","[4384, 3741, 12893], 1.0014070014, Success","[4384, 3741, 12893], 1.0014070014, Success","[4384, 3741, 12893], 1.0014070014, Success","[4384, 3741, 12893], 1.0014070014, Success","[4384, 3741, 12893], 1.0014070014, Success"
11965,5134,46,"[11965, 235, 764, 3935, 5134], 11.010231020295011, Success","[11965, 235, 764, 3935, 5134], 11.010231020295011, Success","[11965, 235, 764, 3935, 5134], 11.010231020295011, Success","[11965, 235, 4940, 12550, 7940, 3021, 5134], 3.025350202721558, Success","[11965, 235, 4940, 12550, 7940, 3021, 5134], 3.025350202721558, Success","[11965, 235, 4940, 12550, 8852, 7142, 7940, 3021, 5134], 3.008041358302475, Success"
8806,1609,93,"[8806, 7078, 1862, 1609], 1.59402952393593, Success","[8806, 7078, 1862, 1609], 1.59402952393593, Success","[8806, 7078, 1862, 1609], 1.59402952393593, Success","[8806, 7078, 1862, 1609], 1.59402952393593, Success","[8806, 7078, 1862, 1609], 1.59402952393593, Success","[8806, 7078, 7940, 1776, 2397, 1609], 1.0104161135531962, Success"
5695,2772,52,"[5695, 3369, 3917, 9987, 2772], 1.002052002, Success","[5695, 3369, 3917, 9987, 2772], 1.002052002, Success","[5695, 3369, 3917, 9987, 2772], 1.002052002, Success","[5695, 3369, 3917, 9987, 2772], 1.002052002, Success","[5695, 3369, 3917, 9987, 2772], 1.002052002, Success","[5695, 3369, 11543, 10428, 9452, 9987, 2772], 1.002052002, Success"
5896,3391,31,"[5896, 5814, 3391], 1.0032310030999998, Success","[5896, 5814, 3391], 1.0032310030999998, Success","[5896, 5814, 3391], 1.0032310030999998, Success","[5896, 5814, 3391], 1.0032310030999998, Success","[5896, 5814, 3391], 1.0032310030999998, Success","[5896, 13086, 1174, 11628, 10428, 7940, 1496, 4101, 10442, 10102, 9880, 3391], 0.006479451000489714, Success"
1266,5573,78,"[1266, 6318, 9991, 5573], 0.527303120117, Success","[1266, 6318, 9991, 5573], 0.527303120117, Success","[1266, 6318, 3369, 5573], 1.51790701621617, Success","[1266, 6318, 9991, 5573], 0.527303120117, Success","[1266, 6318, 9991, 5573], 0.527303120117, Success","[1266, 5674, 6908, 2397, 4427, 1832, 7738, 10428, 7940, 12138, 10911, 11543, 3369, 5573], 0.10293652421207737, Success"
47,3933,39,"[47, 7815, 12561, 857, 3933], 1.5811776454723028, Success","[47, 7815, 12561, 857, 3933], 1.5811776454723028, Success","[47, 7815, 12561, 857, 3933], 1.5811776454723028, Success","[47, 7815, 12561, 857, 3933], 1.5811776454723028, Success","[47, 7815, 12561, 857, 3933], 1.5811776454723028, Success","[47, 7815, 6775, 2397, 4427, 1832, 7738, 10428, 6908, 857, 3933], 1.0038390215800224, Success"
6085,6817,34,"[6085, 434, 11795, 10230, 6817], 1.035236035202, Success","[6085, 434, 11795, 10230, 6817], 1.035236035202, Success","[6085, 434, 11795, 10230, 6817], 1.035236035202, Success","[6085, 434, 11795, 10230, 6817], 1.035236035202, Success","[6085, 434, 11795, 10230, 6817], 1.035236035202, Success","[6085, 434, 3424, 2397, 3917, 10230, 6817], 1.0346580437700137, Success"
7302,4693,53,"[7302, 10218, 3741, 4693], 2.010919063865053, Success","[7302, 10218, 3741, 4693], 2.010919063865053, Success","[7302, 10218, 3741, 4693], 2.010919063865053, Success","[7302, 10218, 3741, 4693], 2.010919063865053, Success","[7302, 10218, 3741, 4693], 2.010919063865053, Success","[7302, 10218, 4558, 7940, 4693], 2.000160000159, Success"
12678,1646,56,,,,,,
163,2863,6,"[163, 8852, 12423, 2863], 0.001006, Success","[163, 8852, 12423, 2863], 0.001006, Success","[163, 8852, 280, 2863], 0.0023320013259999998, Success","[163, 8852, 3935, 2863], 0.001006, Success","[163, 8852, 3935, 2863], 0.001006, Success","[163, 11151, 7142, 7940, 3935, 2863], 0.0006060006000000001, Success"
6230,5632,89,"[6230, 2397, 3917, 13086, 5632], 1.2677141371604717, Success","[6230, 2397, 3917, 13086, 5632], 1.2677141371604717, Success","[6230, 2397, 3021, 13086, 5632], 1.2766409080385315, Success","[6230, 2397, 3917, 13086, 5632], 1.2677141371604717, Success","[6230, 2397, 3917, 13086, 5632], 1.2677141371604717, Success","[6230, 2397, 4427, 1832, 13086, 5632], 1.2672678012678011, Success"
7484,1466,23,"[7484, 12799, 7491, 1466], 2.0751614591373837, Success","[7484, 12799, 7491, 1466], 2.0751614591373837, Success","[7484, 12799, 7491, 1466], 2.0751614591373837, Success","[7484, 12799, 7491, 1466], 2.0751614591373837, Success","[7484, 12799, 7491, 1466], 2.0751614591373837, Success","[7484, 12799, 1776, 10428, 1466], 1.069023069, Success"
2128,11144,29,"[2128, 3261, 775, 7940, 11144], 6.029208203319319, Success","[2128, 3261, 775, 7940, 11144], 6.029208203319319, Success","[2128, 3261, 8737, 125, 11144], 6.029759756641641, Success","[2128, 3261, 775, 7940, 11144], 6.029208203319319, Success","[2128, 3261, 775, 7940, 11144], 6.029208203319319, Success","[2128, 3261, 807, 12132, 7940, 11144], 6.029092087087086, Success"
1971,6293,19,"[1971, 10230, 5814, 6293], 1.060019057, Success","[1971, 10230, 5814, 6293], 1.060019057, Success","[1971, 10230, 5814, 6293], 1.060019057, Success","[1971, 10230, 5814, 6293], 1.060019057, Success","[1971, 10230, 5814, 6293], 1.060019057, Success","[1971, 10230, 5743, 7738, 10428, 3741, 6293], 0.060811399999999995, Success"
8044,1988,94,"[8044, 6690, 8737, 13086, 1988], 1.329335315213314, Success","[8044, 6690, 8737, 13086, 1988], 1.329335315213314, Success","[8044, 8596, 12054, 13086, 1988], 1.3292391004247712, Success","[8044, 6690, 8737, 13086, 1988], 1.329335315213314, Success","[8044, 6690, 8737, 13086, 1988], 1.329335315213314, Success","[8044, 7945, 11120, 12611, 10428, 13086, 1988], 1.2830371029428203, Success"
3750,6535,65,"[3750, 3741, 6535], 1.0130650129999998, Success","[3750, 3741, 6535], 1.0130650129999998, Success","[3750, 3741, 6535], 1.0130650129999998, Success","[3750, 3741, 6535], 1.0130650129999998, Success","[3750, 3741, 6535], 1.0130650129999998, Success","[3750, 3741, 7886, 7940, 7071, 10428, 4822, 8714, 6535], 1.0037700271700594, Success"
7263,6871,56,"[7263, 1040, 4957, 11609, 6871], 2.012993025816013, Success","[7263, 1040, 4957, 11609, 6871], 2.012993025816013, Success","[7263, 1040, 4957, 11609, 6871], 2.012993025816013, Success","[7263, 1040, 4957, 11609, 6871], 2.012993025816013, Success","[7263, 1040, 4957, 11609, 6871], 2.012993025816013, Success","[7263, 1040, 3107, 12799, 11609, 6871], 2.0003930006160004, Success"
593,8454,10,"[593, 9987, 10230, 8454], 1.00001, Success","[593, 9987, 10230, 8454], 1.00001, Success","[593, 9987, 10230, 8454], 1.00001, Success","[593, 9987, 10230, 8454], 1.00001, Success","[593, 9987, 10230, 8454], 1.00001, Success","[593, 9987, 10230, 8454], 1.00001, Success"
12732,6098,51,"[12732, 5016, 1862, 6098], 1.556670661551, Success","[12732, 5016, 1862, 6098], 1.556670661551, Success","[12732, 5016, 1862, 6098], 1.556670661551, Success","[12732, 5016, 1862, 6098], 1.556670661551, Success","[12732, 5016, 1862, 6098], 1.556670661551, Success","[12732, 6811, 976, 11658, 7940, 10900, 7871, 6098], 1.0015300170340884, Success"
3621,1654,66,"[3621, 5814, 55, 1654], 1.0001330000659998, Success","[3621, 5814, 55, 1654], 1.0001330000659998, Success","[3621, 5814, 55, 1654], 1.0001330000659998, Success","[3621, 5814, 55, 1654], 1.0001330000659998, Success","[3621, 5814, 55, 1654], 1.0001330000659998, Success","[3621, 9672, 5483, 4132, 10428, 7940, 3917, 55, 1654], 0.00277203174605544, Success"
4962,7124,8,"[4962, 5088, 12524, 10727, 7124], 4.004022012004012, Success","[4962, 5088, 12524, 10727, 7124], 4.004022012004012, Success","[4962, 5088, 12524, 10727, 7124], 4.004022012004012, Success","[4962, 5088, 1708, 961, 9991, 7124], 2.0248354512448277, Success","[4962, 5088, 1708, 961, 9991, 7124], 2.0248354512448277, Success","[4962, 5088, 12466, 12931, 6126, 9108, 10090, 10733, 10428, 6361, 7124], 2.000889009016022, Success"
12847,568,2,"[12847, 10486, 182, 10196, 568], 10003.040209050407, Success","[12847, 10486, 182, 10196, 568], 10003.040209050407, Success","[12847, 10486, 182, 10196, 568], 10003.040209050407, Success","[12847, 10486, 182, 10196, 568], 10003.040209050407, Success","[12847, 10486, 182, 10196, 568], 10003.040209050407, Low Balance Failue","[12847, 10486, 4540, 10428, 10900, 10196, 568], 10002.06000913001, Low Balance Failue"
11535,7672,98,"[11535, 9987, 7142, 7940, 7672], 1.294196588098294, Success","[11535, 9987, 7142, 7940, 7672], 1.294196588098294, Success","[11535, 9987, 9452, 3369, 7672], 1.296104296006, Success","[11535, 9987, 7142, 7940, 7672], 1.294196588098294, Success","[11535, 9987, 7142, 7940, 7672], 1.294196588098294, Success","[11535, 9987, 9452, 10428, 7940, 7672], 1.294196588098294, Success"
12811,10056,21,"[12811, 13086, 11664, 5814, 10056], 3.0441092181503002, Success","[12811, 13086, 11664, 5814, 10056], 3.0441092181503002, Success","[12811, 10727, 7244, 5814, 10056], 4.067090118521975, Success","[12811, 13086, 11664, 5814, 10056], 3.0441092181503002, Success","[12811, 13086, 11664, 5814, 10056], 3.0441092181503002, Success","[12811, 13086, 1174, 11628, 10428, 7940, 2833, 5814, 10056], 3.0441092181503002, Success"
4165,800,49,"[4165, 5814, 12091, 800], 2.000099000049, Success","[4165, 5814, 12091, 800], 2.000099000049, Success","[4165, 5814, 12091, 800], 2.000099000049, Success","[4165, 5814, 12091, 800], 2.000099000049, Success","[4165, 5814, 12091, 800], 2.000099000049, Success","[4165, 7974, 5748, 847, 976, 11658, 7940, 3917, 12091, 800], 0.00044100127400166603, Success"
8048,6744,2,"[8048, 10230, 3497, 3741, 6744], 0.006485468850399999, Success","[8048, 10230, 3497, 3741, 6744], 0.006485468850399999, Success","[8048, 10230, 9876, 3741, 6744], 0.0064975072576, Success","[8048, 10230, 3497, 3741, 6744], 0.006485468850399999, Success","[8048, 10230, 3497, 3741, 6744], 0.006485468850399999, Success","[8048, 10230, 5743, 7738, 10428, 3741, 6744], 0.0064012, Success"
2130,8025,56,"[2130, 13086, 10428, 8025], 25.243081243, Success","[2130, 13086, 10428, 8025], 25.243081243, Success","[2130, 13086, 10428, 8025], 25.243081243, Success","[2130, 13086, 13021, 4315, 8025], 0.18187431863733686, Success","[2130, 13086, 13021, 4315, 8025], 0.18187431863733686, Success","[2130, 13086, 1174, 11628, 10428, 7940, 7134, 8711, 8025], 0.006440087192323287, Success"
4764,2482,16,"[4764, 11926, 9108, 3895, 2482], 2.0480330960160478, Failure","[4764, 11926, 9108, 3895, 2482], 2.0480330960160478, Failure","[4764, 11926, 9108, 3895, 2482], 2.0480330960160478, Failure","[4764, 11926, 9108, 3895, 2482], 2.0480330960160478, Failure","[4764, 11926, 9108, 3895, 2482], 2.0480330960160478, Failure","[4764, 11926, 9108, 3895, 2482], 2.0480330960160478, Failure"
2875,5235,11,"[2875, 10230, 9987, 5235], 0.0, Success","[2875, 10230, 9987, 5235], 0.0, Success","[2875, 10230, 9987, 5235], 0.0, Success","[2875, 10230, 9987, 5235], 0.0, Success","[2875, 10230, 9987, 5235], 0.0, Success","[2875, 10230, 9987, 5235], 0.0, Success"
2682,4688,28,"[2682, 4857, 12169, 4688], 1.2112206471924358, Success","[2682, 4857, 12169, 4688], 1.2112206471924358, Success","[2682, 4857, 12169, 4688], 1.2112206471924358, Success","[2682, 4857, 12169, 4688], 1.2112206471924358, Success","[2682, 4857, 12169, 4688], 1.2112206471924358, Success","[2682, 2003, 3741, 7886, 7940, 7142, 6908, 12169, 4688], 0.08422467250551245, Success"
10125,1745,21,"[10125, 10230, 9715, 11741, 1745], 1.066021063, Success","[10125, 10230, 9715, 11741, 1745], 1.066021063, Success","[10125, 10230, 9876, 11741, 1745], 1.0670802320110242, Success","[10125, 10230, 9715, 11741, 1745], 1.066021063, Success","[10125, 10230, 9715, 11741, 1745], 1.066021063, Success","[10125, 10230, 5743, 7738, 10428, 7071, 11741, 1745], 1.066021063, Success"
8235,4907,74,"[8235, 11398, 2199, 4957, 55, 4907], 0.069152554516996, Success","[8235, 11398, 9210, 3917, 55, 4907], 0.077294988538168, Success","[8235, 11398, 2199, 4957, 55, 4907], 0.069152554516996, Success","[8235, 11398, 2199, 4957, 55, 4907], 0.069152554516996, Success","[8235, 11398, 2199, 4957, 55, 4907], 0.069152554516996, Success","[8235, 10951, 11521, 4725, 9907, 2397, 3917, 55, 4907], 0.022276242276220073, Success"
4652,5263,59,"[4652, 12054, 12799, 5263], 0.456199476, Success","[4652, 12054, 12799, 5263], 0.456199476, Success","[4652, 12054, 12799, 5263], 0.456199476, Success","[4652, 12054, 12799, 5263], 0.456199476, Success","[4652, 12054, 12799, 5263], 0.456199476, Success","[4652, 6936, 12522, 10428, 1776, 12799, 5263], 0.436118472059236, Success"
6056,12184,81,"[6056, 10727, 6908, 12184], 2.0443909844209402, Success","[6056, 10727, 6908, 12184], 2.0443909844209402, Success","[6056, 10727, 6908, 12184], 2.0443909844209402, Success","[6056, 10727, 6908, 12184], 2.0443909844209402, Success","[6056, 10727, 6908, 12184], 2.0443909844209402, Success","[6056, 3284, 7142, 6908, 12184], 1.0331304327293998, Success"
7482,10139,7,"[7482, 397, 6908, 9987, 10139], 1.000196000189, Success","[7482, 397, 6908, 9987, 10139], 1.000196000189, Success","[7482, 397, 6908, 9987, 10139], 1.000196000189, Success","[7482, 397, 6908, 9987, 10139], 1.000196000189, Success","[7482, 397, 6908, 9987, 10139], 1.000196000189, Success","[7482, 3741, 7886, 7940, 3917, 9987, 10139], 1.000056000126, Failure"
9260,7797,94,"[9260, 10230, 55, 7797], 0.0, Success","[9260, 10230, 55, 7797], 0.0, Success","[9260, 10230, 55, 7797], 0.0, Success","[9260, 10230, 55, 7797], 0.0, Success","[9260, 10230, 55, 7797], 0.0, Success","[9260, 10230, 55, 7797], 0.0, Success"
11653,363,98,"[11653, 5591, 11795, 12799, 363], 2.000197000098, Success","[11653, 5591, 11795, 12799, 363], 2.000197000098, Success","[11653, 5591, 3021, 12799, 363], 2.0075470147980075, Success","[11653, 5591, 1776, 12799, 363], 2.000197000098, Success","[11653, 5591, 1776, 12799, 363], 2.000197000098, Success","[11653, 5591, 1776, 12799, 363], 2.000197000098, Success"
2604,394,89,"[2604, 3741, 9150, 394], 0.54572448478028, Success","[2604, 3741, 9150, 394], 0.54572448478028, Success","[2604, 3741, 9150, 394], 0.54572448478028, Success","[2604, 3741, 9150, 394], 0.54572448478028, Success","[2604, 3741, 9150, 394], 0.54572448478028, Success","[2604, 10681, 10848, 11495, 10428, 11628, 9150, 394], 0.5094034151409939, Success"
8525,6392,44,"[8525, 8495, 3369, 9514, 6392], 1.0174893351594958, Success","[8525, 8495, 3369, 9514, 6392], 1.0174893351594958, Success","[8525, 8495, 3369, 9514, 6392], 1.0174893351594958, Success","[8525, 8495, 3369, 9514, 6392], 1.0174893351594958, Success","[8525, 8495, 3369, 9514, 6392], 1.0174893351594958, Success","[8525, 8495, 3347, 9783, 11628, 10428, 8573, 6149, 6392], 1.0094605806756012, Success"
12107,12012,94,"[12107, 12169, 9514, 11741, 12012], 1.0242241191611658, Success","[12107, 12169, 9514, 11741, 12012], 1.0242241191611658, Success","[12107, 12169, 6507, 11741, 12012], 1.2873811264543251, Success","[12107, 12169, 9514, 11741, 12012], 1.0242241191611658, Success","[12107, 12169, 9514, 11741, 12012], 1.0242241191611658, Success","[12107, 12169, 5171, 2480, 10428, 7071, 11741, 12012], 1.0004740006610005, Success"
11783,9021,8,"[11783, 7213, 11741, 9021], 4.2505142509430005, Failure","[11783, 7213, 11741, 9021], 4.2505142509430005, Failure","[11783, 7213, 11741, 9021], 4.2505142509430005, Failure","[11783, 2397, 4642, 11741, 9021], 2.000035000051, Failure","[11783, 2397, 4642, 11741, 9021], 2.000035000051, Failure","[11783, 2397, 4427, 1832, 7738, 10428, 7071, 11741, 9021], 2.000035000051, Failure"
562,3041,77,"[562, 12169, 6908, 10230, 3041], 1.231077231, Success","[562, 12169, 6908, 10230, 3041], 1.231077231, Success","[562, 12169, 6908, 10230, 3041], 1.231077231, Success","[562, 12169, 6908, 10230, 3041], 1.231077231, Success","[562, 12169, 6908, 10230, 3041], 1.231077231, Success","[562, 12169, 5171, 2480, 10428, 6908, 10230, 3041], 1.000308000231, Success"
15,5918,18,"[15, 10727, 11926, 5918], 7.019503758486491, Failure","[15, 10727, 11926, 5918], 7.019503758486491, Failure","[15, 10727, 11926, 5918], 7.019503758486491, Failure","[15, 3741, 9108, 11926, 5918], 3.00761876720072, Success","[15, 3741, 9108, 11926, 5918], 3.00761876720072, Success","[15, 9554, 7300, 10428, 9108, 11926, 5918], 3.0000570000550004, Success"
11455,5172,53,"[11455, 12091, 5172], 0.0, Success","[11455, 12091, 5172], 0.0, Success","[11455, 12091, 5172], 0.0, Success","[11455, 12091, 5172], 0.0, Success","[11455, 12091, 5172], 0.0, Success","[11455, 12091, 5172], 0.0, Success"
8719,11820,94,"[8719, 10665, 7213, 11820], 2.4754104842248865, Success","[8719, 10665, 7213, 11820], 2.4754104842248865, Success","[8719, 10665, 7213, 11820], 2.4754104842248865, Success","[8719, 10665, 7213, 11820], 2.4754104842248865, Success","[8719, 10665, 7213, 11820], 2.4754104842248865, Success","[8719, 4025, 6235, 10326, 12423, 7213, 11820], 2.2562288078325516, Success"
9686,6274,51,"[9686, 541, 12169, 929, 7837, 6274], 9.191494425195213, Success","[9686, 541, 12169, 929, 7837, 6274], 9.191494425195213, Success","[9686, 541, 12169, 8737, 7837, 6274], 9.89808916680953, Success","[9686, 541, 12169, 929, 7837, 6274], 9.191494425195213, Success","[9686, 541, 12169, 929, 7837, 6274], 9.191494425195213, Success","[9686, 541, 12169, 929, 7837, 6274], 9.191494425195213, Success"
3086,9567,16,"[3086, 3950, 2370, 3057, 9567], 2.048835497620849, Failure","[3086, 3950, 2370, 3057, 9567], 2.048835497620849, Failure","[3086, 3950, 2370, 3057, 9567], 2.048835497620849, Failure","[3086, 3950, 2370, 3057, 9567], 2.048835497620849, Failure","[3086, 3950, 2370, 3057, 9567], 2.048835497620849, Failure","[3086, 3950, 7142, 7940, 7071, 10428, 13086, 8058, 3057, 9567], 2.048097288192576, Failure"
6359,10836,1,"[6359, 3261, 6908, 11609, 10836], 6.001006001, Success","[6359, 3261, 6908, 11609, 10836], 6.001006001, Success","[6359, 3261, 6908, 11609, 10836], 6.001006001, Success","[6359, 3261, 6908, 11609, 10836], 6.001006001, Success","[6359, 3261, 6908, 11609, 10836], 6.001006001, Success","[6359, 3261, 807, 5350, 6908, 11609, 10836], 6.001007002001002, Failure"
11422,1717,87,,,,,,
7323,9464,34,,,,,,
12590,10008,74,"[12590, 12799, 11795, 10727, 10008], 2.262112040036778, Success","[12590, 12799, 11795, 10727, 10008], 2.262112040036778, Success","[12590, 12799, 8087, 10727, 10008], 2.2628646611571783, Success","[12590, 12799, 1776, 10727, 10008], 2.262112040036778, Success","[12590, 12799, 1776, 10727, 10008], 2.262112040036778, Success","[12590, 12799, 1776, 10727, 10008], 2.262112040036778, Success"
1722,8480,51,"[1722, 1031, 5342, 5814, 8480], 3.0001560001540004, Success","[1722, 1031, 5342, 5814, 8480], 3.0001560001540004, Success","[1722, 1031, 7738, 11741, 8480], 3.1131562389041387, Success","[1722, 1031, 9452, 11741, 8480], 3.0001560001540004, Success","[1722, 1031, 9452, 11741, 8480], 3.0001560001540004, Success","[1722, 1031, 9452, 11741, 8480], 3.0001560001540004, Success"
7825,5254,70,"[7825, 10848, 2397, 5254], 1.051105670126, Success","[7825, 10848, 2397, 5254], 1.051105670126, Success","[7825, 10848, 2397, 5254], 1.051105670126, Success","[7825, 10848, 2397, 5254], 1.051105670126, Success","[7825, 10848, 2397, 5254], 1.051105670126, Success","[7825, 10848, 11495, 10428, 7920, 2397, 5254], 1.049704690042, Success"
9621,10292,26,"[9621, 9987, 6908, 13086, 10292], 1.156260156234, Success","[9621, 9987, 11664, 13086, 10292], 1.1562863124941563, Success","[9621, 9987, 3021, 13086, 10292], 1.1564432500550936, Success","[9621, 9987, 11664, 13086, 10292], 1.1562863124941563, Success","[9621, 9987, 11664, 13086, 10292], 1.1562863124941563, Success","[9621, 9987, 11664, 13086, 10292], 1.1562863124941563, Success"
2413,11155,82,"[2413, 11200, 10727, 11155], 1.5596022065500001, Success","[2413, 11200, 10727, 11155], 1.5596022065500001, Success","[2413, 11200, 10727, 11155], 1.5596022065500001, Success","[2413, 2488, 9630, 12169, 11155], 0.24756268140214, Success","[2413, 2488, 9630, 12169, 11155], 0.24756268140214, Success","[2413, 2488, 12041, 9452, 10428, 6908, 12169, 11155], 0.246082246, Success"
7373,8794,10,"[7373, 3509, 3057, 4957, 12091, 8794], 0.0323169323069, Success","[7373, 3509, 12054, 11795, 12091, 8794], 0.0325175325075, Success","[7373, 3509, 3057, 4957, 12091, 8794], 0.0323169323069, Success","[7373, 3509, 12054, 11795, 12091, 8794], 0.0325175325075, Success","[7373, 3509, 12054, 11795, 12091, 8794], 0.0325175325075, Success","[7373, 3509, 3057, 8058, 13086, 1174, 2397, 3917, 12091, 8794], 5.000007000003e-05, Success"
4840,9059,66,"[4840, 3486, 3917, 10230, 9059], 0.0072601188, Success","[4840, 3486, 3917, 10230, 9059], 0.0072601188, Success","[4840, 8737, 9876, 10230, 9059], 1.0272593906312464, Success","[4840, 3486, 3917, 10230, 9059], 0.0072601188, Success","[4840, 3486, 3917, 10230, 9059], 0.0072601188, Success","[4840, 8961, 10428, 6908, 10230, 9059], 0.0, Success"
9481,5561,84,"[9481, 13080, 8174, 10665, 5561], 2.068803366120526, Success","[9481, 13080, 8174, 10665, 5561], 2.068803366120526, Success","[9481, 13080, 8174, 10665, 5561], 2.068803366120526, Success","[9481, 13080, 8174, 10665, 5561], 2.068803366120526, Success","[9481, 13080, 8174, 10665, 5561], 2.068803366120526, Success","[9481, 13080, 8174, 7940, 7134, 10220, 5561], 2.001429007140014, Success"
3736,11080,35,"[3736, 11741, 8087, 12799, 11080], 2.0000710000349997, Success","[3736, 11741, 8087, 12799, 11080], 2.0000710000349997, Success","[3736, 11741, 8087, 12799, 11080], 2.0000710000349997, Success","[3736, 11741, 1776, 12799, 11080], 2.0000710000349997, Success","[3736, 11741, 1776, 12799, 11080], 2.0000710000349997, Success","[3736, 11741, 1776, 12799, 11080], 2.0000710000349997, Success"
3391,11283,1,"[3391, 8905, 10428, 7940, 11283], 2.000004000003, Failure","[3391, 6801, 7190, 7704, 7940, 11283], 0.0013035549340432873, Failure","[3391, 8905, 10428, 7940, 11283], 2.000004000003, Failure","[3391, 6801, 7190, 7704, 7940, 11283], 0.0013035549340432873, Failure","[3391, 6801, 7190, 7704, 7940, 11283], 0.0013035549340432873, Failure","[3391, 6801, 8906, 9907, 2397, 4427, 1832, 7738, 10428, 7940, 11283], 0.0003530410546210556, Failure"
3508,9353,47,"[3508, 9870, 2591, 450, 3369, 2648, 9353], 0.30131660204500216, Success","[3508, 9870, 2591, 450, 3369, 2648, 9353], 0.30131660204500216, Success","[3508, 9870, 2591, 450, 3369, 2648, 9353], 0.30131660204500216, Success","[3508, 9870, 2591, 450, 3369, 2648, 9353], 0.30131660204500216, Success","[3508, 9870, 2591, 450, 3369, 2648, 9353], 0.30131660204500216, Success","[3508, 9870, 2591, 4427, 1832, 7738, 10428, 7940, 12138, 10911, 11543, 3369, 2648, 9353], 0.2893524198584436, Success"
4907,8789,16,"[4907, 55, 9987, 11795, 8789], 0.048, Failure","[4907, 55, 9987, 11795, 8789], 0.048, Failure","[4907, 55, 4957, 9174, 8789], 1.0550822469104, Success","[4907, 55, 10230, 11795, 8789], 0.048, Failure","[4907, 55, 10230, 11795, 8789], 0.048, Failure","[4907, 55, 10230, 11795, 8789], 0.048, Failure"
1249,3813,37,"[1249, 9987, 9452, 10428, 3813], 1.111037111, Success","[1249, 9987, 9452, 10428, 3813], 1.111037111, Success","[1249, 9987, 9452, 10428, 3813], 1.111037111, Success","[1249, 9987, 9452, 10428, 3813], 1.111037111, Success","[1249, 9987, 9452, 10428, 3813], 1.111037111, Success","[1249, 9987, 9452, 10428, 3813], 1.111037111, Success"
2832,12043,89,"[2832, 55, 4957, 857, 12043], 1.29085138753141, Success","[2832, 55, 4957, 857, 12043], 1.29085138753141, Success","[2832, 55, 4957, 857, 12043], 1.29085138753141, Success","[2832, 55, 4957, 857, 12043], 1.29085138753141, Success","[2832, 55, 4957, 857, 12043], 1.29085138753141, Success","[2832, 55, 9987, 6908, 857, 12043], 1.270089267, Success"
227,7301,60,"[227, 2397, 1996, 7185, 7301], 19.035358809483412, Success","[227, 2397, 1996, 7185, 7301], 19.035358809483412, Success","[227, 2397, 1996, 7185, 7301], 19.035358809483412, Success","[227, 2397, 1996, 7185, 7301], 19.035358809483412, Success","[227, 2397, 1996, 7185, 7301], 19.035358809483412, Success","[227, 2397, 4427, 7837, 7181, 7185, 7301], 19.026556052878025, Success"
6939,10355,46,"[6939, 13086, 5329, 13122, 10355], 1.1410792349486438, Success","[6939, 13086, 5329, 13122, 10355], 1.1410792349486438, Success","[6939, 13086, 5329, 13122, 10355], 1.1410792349486438, Success","[6939, 13086, 5329, 13122, 10355], 1.1410792349486438, Success","[6939, 13086, 5329, 13122, 10355], 1.1410792349486438, Success","[6939, 13086, 1174, 11628, 10428, 7940, 12138, 11806, 13122, 10355], 1.0014260074520143, Success"
4162,1487,92,"[4162, 1601, 7404, 3369, 12019, 1487], 3.5023730065555063, Success","[4162, 1601, 7404, 3369, 12019, 1487], 3.5023730065555063, Success","[4162, 1601, 7404, 3369, 12019, 1487], 3.5023730065555063, Success","[4162, 1601, 7404, 3369, 12019, 1487], 3.5023730065555063, Success","[4162, 1601, 7404, 3369, 12019, 1487], 3.5023730065555063, Success","[4162, 1601, 2318, 13074, 8062, 12169, 5171, 361, 4558, 7940, 2833, 5814, 1487], 3.0007440023180036, Success"
3887,10971,22,"[3887, 3895, 10848, 10971], 0.06668404666198, Success","[3887, 3895, 10848, 10971], 0.06668404666198, Success","[3887, 3895, 8737, 10971], 0.071935759913688, Success","[3887, 3895, 10848, 10971], 0.06668404666198, Success","[3887, 3895, 10848, 10971], 0.06668404666198, Success","[3887, 3895, 13086, 1174, 11628, 10428, 10971], 8.8000066e-05, Success"
11504,4067,51,"[11504, 3741, 1771, 1524, 4067], 2.163533926712363, Success","[11504, 3741, 1771, 1524, 4067], 2.163533926712363, Success","[11504, 3741, 1771, 1524, 4067], 2.163533926712363, Success","[11504, 3741, 1771, 1524, 4067], 2.163533926712363, Success","[11504, 3741, 1771, 1524, 4067], 2.163533926712363, Success","[11504, 3741, 7886, 7940, 7142, 6908, 1524, 4067], 1.1534092249207548, Success"
11933,10924,7,"[11933, 8714, 8737, 7910, 10924], 0.02238111650075, Success","[11933, 8714, 8737, 7910, 10924], 0.02238111650075, Success","[11933, 8714, 8737, 7910, 10924], 0.02238111650075, Success","[11933, 8714, 8737, 7910, 10924], 0.02238111650075, Success","[11933, 8714, 8737, 7910, 10924], 0.02238111650075, Success","[11933, 723, 7268, 6568, 7503, 928, 4558, 7940, 7071, 10428, 7910, 10924], 0.005992560738179753, Success"
5439,12843,89,"[5439, 13086, 3917, 12091, 12843], 0.089089089, Success","[5439, 13086, 3917, 12091, 12843], 0.089089089, Success","[5439, 13086, 3917, 12091, 12843], 0.089089089, Success","[5439, 13086, 3917, 12091, 12843], 0.089089089, Success","[5439, 13086, 3917, 12091, 12843], 0.089089089, Success","[5439, 13086, 1174, 2397, 3917, 12091, 12843], 0.000445000623000267, Success"
1299,2931,5,"[1299, 10428, 7940, 2931], 1.000010000005, Success","[1299, 10428, 7940, 2931], 1.000010000005, Success","[1299, 10428, 7940, 2931], 1.000010000005, Success","[1299, 10428, 7940, 2931], 1.000010000005, Success","[1299, 10428, 7940, 2931], 1.000010000005, Success","[1299, 10428, 7940, 2931], 1.000010000005, Success"
